Peptide	Protein ID
AAAAAAAAAAGAAGGR	Q86U42
AAAAAAGAASGLPGPVAQGLK	Q96P70
AAAAAAGAGPEMVR	P28482
AAAAAATAPPSPGPAQPGPR	Q6SPF0
AAAAAGLGGGGAGPGPEAGDFLAR	P23610
AAAAALSQQQSLQER	Q8WUQ7
AAAAAMAEQESAR	Q7L5D6
AAAAASAAGPGGLVAGK	A6NIH7
AAAAAVGNAVPCGARPCGVRPDGQPK	Q9HD20
AAAALGSSSGSASPAVAELCQNTPETFLEASK	Q96IV0
AAAAVSESWPELELAER	Q8N1G4
AAADGGGPGGASVGTEEDGGGVGHR	A6NHR9
AAAEAANCIMEVSCGQAESSEKPNAEDMTSK	A0A087X1W2
AAAEGLMSLLR	P30260
AAAEQAISVR	Q01780
AAAFEEQENETVVVK	Q9Y490
AAAFEQLQK	O94826
AAAGGQGSAVAAEAEPGK	Q9GZT9
AAAGQESEGPAVGPPQPLGK	O14497
AAAMDVDTPSGTNSGAGK	P62877
